{
  "input": {
    "account": {
      "balance": 1000.00
    },
    "income":[
      { "salary": 70000.00, "start": [2015, 1], "end": [2015, 6] },
      { "salary": 90000.00, "start": [2015, 7] }
    ],
    "fixedExpense": [
      { "amount": 500.00, "start": [2015, 1], "end": [2015, 6]},
      { "amount": 700.00, "start": [2015, 7]}
    ],
    "debt": [
      { "principal": 7500.00, "rate": 0.035, "years": 3, "start": [2015, 1] }
    ]
  },
  "args": [[2015, 12]],
  "expected": {
    "income": 7500.00,
    "fixedExpense": 700.00,
    "variableExpense": 0,
    "debt": 219.76559795183019,
    "mortgagePayment": 0,
    "accountBalance": 71162.812824578039
  }
}
