{
  "input": {
    "account": {
      "balance": 1000.00
    },
    "income":[
      { "salary": 70000.00, "start": [2015, 1], "end": [2015, 6] },
      { "salary": 90000.00, "start": [2015, 7] }
    ],
    "mortgage": [
      { "principal": 300000, "insurance": 60.00, "privateMortgageInsurance": 250.00, "tax": 140.00, "rate": 0.04, "years": 30, "start": [2015, 1] }
    ]
  },
  "args": [[2015, 12]],
  "expected": {
    "income": 7500.00,
    "fixedExpense": 0,
    "variableExpense": 0,
    "debt": 0,
    "mortgage": 1882.2458863963616,
    "accountBalance": 58413.049363243663
  }
}
